{"name":"dce63257-2ac6-4f57-9b3a-6e2b865583ae","id":"/providers/Microsoft.Flow/flows/dce63257-2ac6-4f57-9b3a-6e2b865583ae","type":"Microsoft.Flow/flows","properties":{"apiId":"/providers/Microsoft.PowerApps/apis/shared_logicflows","displayName":"Graph API Flow - Create a Team","definition":{"metadata":{"workflowEntityId":null,"creator":{"id":"822a6839-bc2a-4531-9781-a8962a31ae80","type":"User","tenantId":"2602c1bc-f0b4-4305-8653-ca08855b848a"},"provisioningMethod":"FromDefinition","failureAlertSubscription":true,"clientLastModifiedTime":"2019-12-08T01:31:45.9411422Z"},"$schema":"https://schema.management.azure.com/providers/Microsoft.Logic/schemas/2016-06-01/workflowdefinition.json#","contentVersion":"1.0.0.0","parameters":{"$connections":{"defaultValue":{},"type":"Object"},"$authentication":{"defaultValue":{},"type":"SecureObject"}},"triggers":{"manual":{"type":"Request","kind":"Button","inputs":{"schema":{"type":"object","properties":{"text":{"title":"Display Name","type":"string","x-ms-dynamically-added":true,"description":"Please enter a display name","x-ms-content-hint":"TEXT"},"text_1":{"title":"Mail Nickname","type":"string","x-ms-dynamically-added":true,"description":"Please enter a short name for the mailbox (don't use special characters.","x-ms-content-hint":"TEXT"},"email":{"title":"Owner","type":"string","format":"email","x-ms-dynamically-added":true,"description":"Please enter the owner here","x-ms-content-hint":"EMAIL"}},"required":["text","text_1","email"]},"headersSchema":{"x-ms-user-email-encoded":{"title":"User email","type":"string","format":"byte","x-ms-dynamically-added":false}}}}},"actions":{"Set_App_ID":{"runAfter":{"Set_Tenant_ID":["Succeeded"]},"type":"InitializeVariable","inputs":{"variables":[{"name":"App ID","type":"String","value":"[REPLACE-WITH-APP-ID]"}]}},"Set_App_Secret":{"runAfter":{"Set_App_ID":["Succeeded"]},"type":"InitializeVariable","inputs":{"variables":[{"name":"App Secret","type":"String","value":"[REPLACE-WITH-APP-SECRET]"}]}},"Set_Tenant_ID":{"runAfter":{},"type":"InitializeVariable","inputs":{"variables":[{"name":"Tenant ID","type":"String","value":"[REPLACE-WITH-TENANT-ID]"}]}},"Send_Confirmation_Mail":{"runAfter":{"Create_Team_Scope":["Succeeded"]},"metadata":{"flowSystemMetadata":{"swaggerOperationId":"SendEmailV2"}},"type":"ApiConnection","inputs":{"host":{"connection":{"name":"@json(decodeBase64(triggerOutputs().headers['X-MS-APIM-Tokens']))['$connections']['shared_office365']['connectionId']"},"api":{"runtimeUrl":"https://europe-002.azure-apim.net/apim/office365"}},"method":"post","body":{"To":"@base64ToString(triggerOutputs()['headers']['x-ms-user-email-encoded'])","Subject":"The Microsoft Team has been created","Body":"<p><a href=\"@{body('Process_Create_Team_Response')?['webUrl']}\">Go to Microsoft Team</a></p>","Importance":"Normal"},"path":"/v2/Mail","authentication":{"type":"Raw","value":"@json(decodeBase64(triggerOutputs().headers['X-MS-APIM-Tokens']))['$ConnectionKey']"}}},"Init_Group_ID":{"runAfter":{"Set_App_Secret":["Succeeded"]},"type":"InitializeVariable","inputs":{"variables":[{"name":"Group ID","type":"String"}]}},"Set_Graph_API_URI":{"runAfter":{"Init_Group_ID":["Succeeded"]},"type":"InitializeVariable","inputs":{"variables":[{"name":"Graph API URI","type":"String","value":"https://graph.microsoft.com/v1.0"}]}},"Create_Team_Scope":{"actions":{"Create_Group":{"runAfter":{},"type":"Http","inputs":{"method":"POST","uri":"@{variables('Graph API URI')}/groups","body":{"displayName":"@{triggerBody()['text']}","groupTypes":["Unified"],"mailEnabled":true,"mailNickname":"@{triggerBody()['text_1']}","securityEnabled":false},"authentication":{"type":"ActiveDirectoryOAuth","authority":"https://login.microsoft.com","tenant":"@variables('Tenant ID')","audience":"https://graph.microsoft.com","clientId":"@variables('App ID')","secret":"@variables('App Secret')"}}},"Process_Group_Response":{"runAfter":{"Create_Group":["Succeeded"]},"type":"ParseJson","inputs":{"content":"@body('Create_Group')","schema":{"type":"object","properties":{"@@odata.context":{"type":"string"},"id":{"type":"string"},"deletedDateTime":{},"classification":{},"createdDateTime":{"type":"string"},"creationOptions":{"type":"array"},"description":{},"displayName":{"type":"string"},"groupTypes":{"type":"array","items":{"type":"string"}},"isAssignableToRole":{},"mail":{"type":"string"},"mailEnabled":{"type":"boolean"},"mailNickname":{"type":"string"},"onPremisesDomainName":{},"onPremisesLastSyncDateTime":{},"onPremisesNetBiosName":{},"onPremisesSamAccountName":{},"onPremisesSecurityIdentifier":{},"onPremisesSyncEnabled":{},"preferredDataLocation":{},"proxyAddresses":{"type":"array","items":{"type":"string"}},"renewedDateTime":{"type":"string"},"resourceBehaviorOptions":{"type":"array"},"resourceProvisioningOptions":{"type":"array"},"securityEnabled":{"type":"boolean"},"securityIdentifier":{"type":"string"},"visibility":{"type":"string"},"onPremisesProvisioningErrors":{"type":"array"}}}}},"Set_Group_ID":{"runAfter":{"Process_Group_Response":["Succeeded"]},"type":"SetVariable","inputs":{"name":"Group ID","value":"@body('Process_Group_Response')?['id']"}},"Create_Team":{"runAfter":{"Delay":["Succeeded"]},"type":"Http","inputs":{"method":"PUT","uri":"@{variables('Graph API URI')}/groups/@{variables('Group ID')}/team","body":{"memberSettings":{"allowCreateUpdateChannels":true,"allowDeleteChannels":true,"allowAddRemoveApps":true,"allowCreateUpdateRemoveTabs":true,"allowCreateUpdateRemoveConnectors":true},"guestSettings":{"allowCreateUpdateChannels":true,"allowDeleteChannels":true},"messagingSettings":{"allowUserEditMessages":true,"allowUserDeleteMessages":true,"allowOwnerDeleteMessages":true,"allowTeamMentions":true,"allowChannelMentions":true},"funSettings":{"allowGiphy":true,"giphyContentRating":"strict","allowStickersAndMemes":true,"allowCustomMemes":true}},"authentication":{"type":"ActiveDirectoryOAuth","authority":"https://login.microsoft.com","tenant":"@variables('Tenant ID')","audience":"https://graph.microsoft.com","clientId":"@variables('App ID')","secret":"@variables('App Secret')"},"retryPolicy":{"type":"fixed","count":3,"interval":"PT10S"}}},"Delay":{"runAfter":{"Add_Owner_as_Member_to_Group":["Succeeded"]},"type":"Wait","inputs":{"interval":{"count":10,"unit":"Second"}}},"Add_Owner_to_Group":{"runAfter":{"Process_Owner":["Succeeded"]},"type":"Http","inputs":{"method":"POST","uri":"@{variables('Graph API URI')}/groups/@{variables('Group ID')}/owners/$ref","body":{"@@odata.id":"https://graph.microsoft.com/v1.0/users/@{body('Process_Owner')?['id']}"},"authentication":{"type":"ActiveDirectoryOAuth","authority":"https://login.microsoft.com","tenant":"@variables('Tenant ID')","audience":"https://graph.microsoft.com","clientId":"@variables('App ID')","secret":"@variables('App Secret')"}}},"Add_Owner_as_Member_to_Group":{"runAfter":{"Add_Owner_to_Group":["Succeeded"]},"type":"Http","inputs":{"method":"POST","uri":"@{variables('Graph API URI')}/groups/@{variables('Group ID')}/members/$ref","body":{"@@odata.id":"https://graph.microsoft.com/v1.0/users/@{body('Process_Owner')?['id']}"},"authentication":{"type":"ActiveDirectoryOAuth","authority":"https://login.microsoft.com","tenant":"@variables('Tenant ID')","audience":"https://graph.microsoft.com","clientId":"@variables('App ID')","secret":"@variables('App Secret')"}}},"Get_Owner_ID":{"runAfter":{"Set_Group_ID":["Succeeded"]},"type":"Http","inputs":{"method":"GET","uri":"@{variables('Graph API URI')}/users/@{triggerBody()['email']}?$select=id","authentication":{"type":"ActiveDirectoryOAuth","authority":"https://login.microsoft.com","tenant":"@variables('Tenant ID')","audience":"https://graph.microsoft.com","clientId":"@variables('App ID')","secret":"@variables('App Secret')"}}},"Process_Owner":{"runAfter":{"Get_Owner_ID":["Succeeded"]},"type":"ParseJson","inputs":{"content":"@body('Get_Owner_ID')","schema":{"type":"object","properties":{"id":{"type":"string"}}}}},"Process_Create_Team_Response":{"runAfter":{"Create_Team":["Succeeded"]},"type":"ParseJson","inputs":{"content":"@body('Create_Team')","schema":{"type":"object","properties":{"@@odata.context":{"type":"string"},"webUrl":{"type":"string"}}}}}},"runAfter":{"Set_Graph_API_URI":["Succeeded"]},"type":"Scope"},"Send_Failure_Mail":{"runAfter":{"Create_Team_Scope":["Failed","Skipped","TimedOut"]},"metadata":{"flowSystemMetadata":{"swaggerOperationId":"SendEmailV2"}},"type":"ApiConnection","inputs":{"host":{"connection":{"name":"@json(decodeBase64(triggerOutputs().headers['X-MS-APIM-Tokens']))['$connections']['shared_office365']['connectionId']"},"api":{"runtimeUrl":"https://europe-002.azure-apim.net/apim/office365"}},"method":"post","body":{"To":"@base64ToString(triggerOutputs()['headers']['x-ms-user-email-encoded'])","Subject":"The Microsoft Team has NOT been created","Body":"<p>Please contact IT via <a href=\"mailto:it@company.com?subject=Team Creation failed for @{body('Process_Group_Response')?['id']}\">it@company.com</a>.</p>","Importance":"Normal"},"path":"/v2/Mail","authentication":{"type":"Raw","value":"@json(decodeBase64(triggerOutputs().headers['X-MS-APIM-Tokens']))['$ConnectionKey']"}}}}},"connectionReferences":{"shared_office365":{"connectionName":"shared-office365-1867a227-a45f-4777-be2a-754214bf554f","source":"Invoker","id":"/providers/Microsoft.PowerApps/apis/shared_office365","tier":"NotSpecified"}},"flowFailureAlertSubscribed":false}}