{"name":"87f8b96b-a78b-4de5-8b13-757647ba9ee1","id":"/providers/Microsoft.Flow/flows/87f8b96b-a78b-4de5-8b13-757647ba9ee1","type":"Microsoft.Flow/flows","properties":{"apiId":"/providers/Microsoft.PowerApps/apis/shared_logicflows","displayName":"Graph API Flow - Invite External User","definition":{"metadata":{"workflowEntityId":null,"creator":{"id":"822a6839-bc2a-4531-9781-a8962a31ae80","type":"User","tenantId":"2602c1bc-f0b4-4305-8653-ca08855b848a"},"provisioningMethod":"FromDefinition","failureAlertSubscription":true,"clientLastModifiedTime":"2019-12-07T23:55:49.8486251Z"},"$schema":"https://schema.management.azure.com/providers/Microsoft.Logic/schemas/2016-06-01/workflowdefinition.json#","contentVersion":"1.0.0.0","parameters":{"$connections":{"defaultValue":{},"type":"Object"},"$authentication":{"defaultValue":{},"type":"SecureObject"}},"triggers":{"manual":{"type":"Request","kind":"Button","inputs":{"schema":{"type":"object","properties":{"email":{"title":"Email","type":"string","format":"email","x-ms-dynamically-added":true,"description":"Please enter an e-mail address","x-ms-content-hint":"EMAIL"}},"required":["email"]}}}},"actions":{"Set_App_ID":{"runAfter":{"Set_Tenant_ID":["Succeeded"]},"type":"InitializeVariable","inputs":{"variables":[{"name":"App ID","type":"String","value":"[REPLACE-WITH-APP-ID]"}]}},"Set_App_Secret":{"runAfter":{"Set_App_ID":["Succeeded"]},"type":"InitializeVariable","inputs":{"variables":[{"name":"App Secret","type":"String","value":"[REPLACE-WITH-APP-SECRET]"}]}},"Create_Invitation":{"runAfter":{"Set_Graph_API_URI":["Succeeded"]},"type":"Http","inputs":{"method":"POST","uri":"@{variables('Graph API URI')}/invitations","body":{"invitedUserEmailAddress":"@{triggerBody()['email']}","inviteRedirectUrl":"https://myapps.microsoft.com"},"authentication":{"type":"ActiveDirectoryOAuth","authority":"https://login.microsoft.com","tenant":"@variables('Tenant ID')","audience":"https://graph.microsoft.com","clientId":"@variables('App ID')","secret":"@variables('App Secret')"}}},"Set_Tenant_ID":{"runAfter":{},"type":"InitializeVariable","inputs":{"variables":[{"name":"Tenant ID","type":"String","value":"[REPLACE-WITH-TENANT-ID]"}]}},"Process_Invitation_Response":{"runAfter":{"Create_Invitation":["Succeeded"]},"type":"ParseJson","inputs":{"content":"@body('Create_Invitation')","schema":{"type":"object","properties":{"id":{"type":"string"},"inviteRedeemUrl":{"type":"string"},"invitedUserDisplayName":{},"invitedUserEmailAddress":{"type":"string"},"sendInvitationMessage":{"type":"boolean"},"invitedUserMessageInfo":{"type":"object","properties":{"messageLanguage":{},"ccRecipients":{"type":"array","items":{"type":"object","properties":{"emailAddress":{"type":"object","properties":{"name":{},"address":{}}}},"required":[]}},"customizedMessageBody":{}}},"inviteRedirectUrl":{"type":"string"},"status":{"type":"string"},"invitedUser":{"type":"object","properties":{"id":{"type":"string"}}},"@@odata.context":{"type":"string"},"invitedUserType":{"type":"string"}}}}},"Send_Invitation_Email":{"runAfter":{"Process_Invitation_Response":["Succeeded"]},"metadata":{"flowSystemMetadata":{"swaggerOperationId":"SendEmailV2"}},"type":"ApiConnection","inputs":{"host":{"connection":{"name":"@json(decodeBase64(triggerOutputs().headers['X-MS-APIM-Tokens']))['$connections']['shared_office365']['connectionId']"},"api":{"runtimeUrl":"https://europe-002.azure-apim.net/apim/office365"}},"method":"post","body":{"To":"@body('Process_Invitation_Response')?['invitedUserEmailAddress']","Subject":"You have been invited to tenant @{variables('Tenant ID')}","Body":"<a href=\"@{body('Process_Invitation_Response')?['inviteRedeemUrl']}\">Redeem invitation</a>","Importance":"Normal"},"path":"/v2/Mail","authentication":{"type":"Raw","value":"@json(decodeBase64(triggerOutputs().headers['X-MS-APIM-Tokens']))['$ConnectionKey']"}}},"Set_Graph_API_URI":{"runAfter":{"Set_App_Secret":["Succeeded"]},"type":"InitializeVariable","inputs":{"variables":[{"name":"Graph API URI","type":"String","value":"https://graph.microsoft.com/v1.0"}]}}}},"connectionReferences":{"shared_office365":{"connectionName":"shared-office365-1867a227-a45f-4777-be2a-754214bf554f","source":"Invoker","id":"/providers/Microsoft.PowerApps/apis/shared_office365","tier":"NotSpecified"}},"flowFailureAlertSubscribed":false}}